letter,frequency
a,0.00385
b,0.00385
c,0.00385
d,0.00385
e,0.00385
f,0.00385
g,0.00385
h,0.00385
i,0.00385
j,0.00385
k,0.00385
l,0.00385
m,0.00385
n,0.00385
o,0.00385
p,0.00385
q,0.00385
r,0.00385
s,0.00385
t,0.00385
u,0.00385
v,0.00385
w,0.00385
x,0.00385
y,0.00385
z,0.00385